{
    "anthon": 1012.0662455534914,
    "mauricio": 998.33619243847518,
    "Rian": 1023.006364154815,
    "Nicolas": 15.028628084128
}